Reception date,Link,Review priority,Category (Illuin),Category AI,Status,Reviewed,Topic / Keywords (Illuin),Topic / Keywords AI,Take-away (Illuin),Take-away AI,rouge1 precision,rouge2 precision,rougeL precision
20/03/2025,https://arxiv.org/abs/2503.14393,,,,,,,,,,,,
20/03/2025,https://arxiv.org/abs/2503.14378,,,,,,,,,,,,
20/03/2025,https://arxiv.org/abs/2503.14456,,,,,,,,,,,,
20/03/2025,https://www.shaped.ai/blog/jagged-flash-attention-optimization,,,,,,,,,,,,
20/03/2025,https://arxiv.org/abs/2502.18600,,,,,,,,,,,,
20/03/2025,http://fal.ai/,,,,,,,,,,,,
20/03/2025,https://arxiv.org/abs/2503.11576,,,,,,,,,,,,
20/03/2025,https://resilience.baulab.info/docs/AI_Action_Plan_RFI.pdf,,,,,,,,,,,,
20/03/2025,https://arxiv.org/abs/2503.09573,,,,,,,,,,,,
20/03/2025,https://huggingface.co/soob3123/amoral-gemma3-4B,,,,,,,,,,,,
20/03/2025,https://huggingface.co/predibase/Predibase-T2T-32B-RFT,,,,,,,,,,,,
20/03/2025,https://huggingface.co/rootxhacker/Apollo-v3-32B,,,,,,,,,,,,
